results_path;model_name;train_dir;test_dir;val_dir;epochs;batch_size;seed;model_layers;model_input_shape;loss_function;best_accuracy;loss;best_val_accuracy;val_loss;test_accuracy;test_loss
results\04.06.2024 00.39.27;mobile_net_v2;.\data\ds-moodle\train;.\data\ds-moodle\test;.\data\ds-moodle\validation;2;16;123;;(None, 200, 200, 3);<keras.src.losses.losses.BinaryCrossentropy object at 0x0000011B23D626F0>;0.505;0.759;0.516;0.692;0.792;0.572
results\04.06.2024 00.57.59;mobile_net_v2;.\data\ds-moodle\train;.\data\ds-moodle\test;.\data\ds-moodle\validation;150;16;123;;(None, 200, 200, 3);<keras.src.losses.losses.BinaryCrossentropy object at 0x000001FF09C429C0>;0.98;0.132;0.554;1.063;0.611;0.762
results\04.06.2024 01.02.48;mobile_net_v2;.\data\ds-moodle\train;.\data\ds-moodle\test;.\data\ds-moodle\validation;1000;16;123;;(None, 200, 200, 3);<keras.src.losses.losses.BinaryCrossentropy object at 0x000002135DD03620>;0.995;0.058;0.554;1.063;0.611;1.318
results\11.06.2024 22.15.49;1;single_conv2d_with_aug;.\data\ds-moodle\train;.\data\ds-moodle\test;.\data\ds-moodle\validation;6;8;1919530115;single_conv2d_with_aug_summary.txt;(None, 200, 200, 3);binary_crossentropy;0.715;0.573;0.864;0.476;0.722;0.612
results\11.06.2024 22.19.26;1;single_conv2d_with_aug;.\data\ds-moodle\train;.\data\ds-moodle\test;.\data\ds-moodle\validation;6;8;1919530115;single_conv2d_with_aug_summary.txt;(None, 200, 200, 3);binary_crossentropy;0.715;0.573;0.864;0.476;0.722;0.612
results\11.06.2024 22.20.59;1;single_conv2d_with_aug;.\data\ds-moodle\train;.\data\ds-moodle\test;.\data\ds-moodle\validation;6;8;1919530115;single_conv2d_with_aug_summary.txt;(None, 200, 200, 3);binary_crossentropy;0.715;0.573;0.864;0.476;0.722;0.612
results\11.06.2024 22.20.59;2;single_conv2d_with_aug;.\data\ds-moodle\train;.\data\ds-moodle\test;.\data\ds-moodle\validation;6;16;1919530115;single_conv2d_with_aug_summary.txt;(None, 200, 200, 3);binary_crossentropy;0.52;2.212;0.799;0.505;0.5;0.692
results\11.06.2024 22.20.59;3;single_conv2d_with_aug;.\data\ds-moodle\train;.\data\ds-moodle\test;.\data\ds-moodle\validation;6;32;1919530115;single_conv2d_with_aug_summary.txt;(None, 200, 200, 3);binary_crossentropy;0.62;0.679;0.799;0.518;0.486;0.674
results\11.06.2024 22.21.50;1;single_conv2d_with_aug;.\data\ds-moodle\train;.\data\ds-moodle\test;.\data\ds-moodle\validation;6;8;1919530115;single_conv2d_with_aug_summary.txt;(None, 200, 200, 3);binary_crossentropy;0.715;0.573;0.864;0.476;0.722;0.612
results\11.06.2024 22.21.50;2;xception;.\data\ds-moodle\train;.\data\ds-moodle\test;.\data\ds-moodle\validation;6;16;1919530115;xception_summary.txt;(None, 200, 200, 3);<keras.src.losses.losses.BinaryCrossentropy object at 0x0000027AC3F9E660>;0.785;0.557;0.886;0.562;0.806;0.574
results\11.06.2024 22.21.50;3;single_conv2d_with_aug;.\data\ds-moodle\train;.\data\ds-moodle\test;.\data\ds-moodle\validation;6;32;1919530115;single_conv2d_with_aug_summary.txt;(None, 200, 200, 3);binary_crossentropy;0.62;0.679;0.799;0.518;0.486;0.674
results\14.06.2024 16.28.01;1;single_conv2d_with_aug;.\data\ds-moodle\train;.\data\ds-moodle\test;.\data\ds-moodle\validation;6;8;1919530115;single_conv2d_with_aug_summary.txt;(None, 200, 200, 3);binary_crossentropy;0.715;0.573;0.864;0.476;0.722;0.612
results\14.06.2024 16.28.01;2;single_conv2d_with_aug;.\data\ds-moodle\train;.\data\ds-moodle\test;.\data\ds-moodle\validation;6;16;1919530115;single_conv2d_with_aug_summary.txt;(None, 200, 200, 3);binary_crossentropy;0.52;2.212;0.799;0.505;0.5;0.692
results\14.06.2024 16.28.01;3;single_conv2d_with_aug;.\data\ds-moodle\train;.\data\ds-moodle\test;.\data\ds-moodle\validation;6;32;1919530115;single_conv2d_with_aug_summary.txt;(None, 200, 200, 3);binary_crossentropy;0.62;0.679;0.799;0.518;0.486;0.674
results\14.06.2024 16.28.01;4;xception;.\data\ds-moodle\train;.\data\ds-moodle\test;.\data\ds-moodle\validation;6;32;1919530115;xception_summary.txt;(None, 200, 200, 3);<keras.src.losses.losses.BinaryCrossentropy object at 0x00000177F3B3AF00>;0.745;0.571;0.625;0.658;0.764;0.593
results\14.06.2024 16.28.01;5;convnextxlarge;.\data\ds-moodle\train;.\data\ds-moodle\test;.\data\ds-moodle\validation;6;32;1919530115;convnextxlarge_summary.txt;(None, 200, 200, 3);<keras.src.losses.losses.BinaryCrossentropy object at 0x00000177FE25EC30>;0.555;0.693;0.859;0.629;0.528;0.665
results\14.06.2024 16.28.01;6;inceptionv3;.\data\ds-moodle\train;.\data\ds-moodle\test;.\data\ds-moodle\validation;6;32;1919530115;inceptionv3_summary.txt;(None, 200, 200, 3);<keras.src.losses.losses.BinaryCrossentropy object at 0x000001787D7EFDD0>;0.705;0.571;0.636;0.666;0.625;0.627
results\14.06.2024 17.15.04;1;single_conv2d_with_aug;.\data\ds-moodle\train;.\data\ds-moodle\test;.\data\ds-moodle\validation;6;8;1919530115;single_conv2d_with_aug_summary.txt;(None, 200, 200, 3);binary_crossentropy;0.715;0.573;0.864;0.476;0.722;0.612
results\14.06.2024 17.15.04;2;single_conv2d_with_aug;.\data\ds-moodle\train;.\data\ds-moodle\test;.\data\ds-moodle\validation;6;16;1919530115;single_conv2d_with_aug_summary.txt;(None, 200, 200, 3);binary_crossentropy;0.52;2.212;0.799;0.505;0.5;0.692
results\14.06.2024 17.15.04;3;single_conv2d_with_aug;.\data\ds-moodle\train;.\data\ds-moodle\test;.\data\ds-moodle\validation;6;32;1919530115;single_conv2d_with_aug_summary.txt;(None, 200, 200, 3);binary_crossentropy;0.62;0.679;0.799;0.518;0.486;0.674
results\14.06.2024 17.15.04;4;xception;.\data\ds-moodle\train;.\data\ds-moodle\test;.\data\ds-moodle\validation;6;16;1919530115;xception_summary.txt;(None, 200, 200, 3);<keras.src.losses.losses.BinaryCrossentropy object at 0x000001DDC083EA50>;0.785;0.557;0.886;0.562;0.806;0.574
results\14.06.2024 17.15.04;5;convnextxlarge;.\data\ds-moodle\train;.\data\ds-moodle\test;.\data\ds-moodle\validation;6;16;1919530115;convnextxlarge_summary.txt;(None, 200, 200, 3);<keras.src.losses.losses.BinaryCrossentropy object at 0x000001DDCB01EA20>;0.645;0.646;0.859;0.614;0.611;0.652
results\14.06.2024 17.15.04;6;inceptionv3;.\data\ds-moodle\train;.\data\ds-moodle\test;.\data\ds-moodle\validation;6;16;1919530115;inceptionv3_summary.txt;(None, 200, 200, 3);<keras.src.losses.losses.BinaryCrossentropy object at 0x000001DE7BA8BB60>;0.73;0.571;0.668;0.639;0.667;0.603
results\14.06.2024 18.16.31;1;single_conv2d_with_aug;.\data\ds-moodle\train;.\data\ds-moodle\test;.\data\ds-moodle\validation;6;8;1919530115;single_conv2d_with_aug_summary.txt;(None, 200, 200, 3);binary_crossentropy;0.715;0.573;0.864;0.476;0.722;0.612
results\14.06.2024 18.16.31;2;single_conv2d_with_aug;.\data\ds-moodle\train;.\data\ds-moodle\test;.\data\ds-moodle\validation;6;16;1919530115;single_conv2d_with_aug_summary.txt;(None, 200, 200, 3);binary_crossentropy;0.52;2.212;0.799;0.505;0.5;0.692
results\14.06.2024 18.16.31;3;single_conv2d_with_aug;.\data\ds-moodle\train;.\data\ds-moodle\test;.\data\ds-moodle\validation;6;32;1919530115;single_conv2d_with_aug_summary.txt;(None, 200, 200, 3);binary_crossentropy;0.62;0.679;0.799;0.518;0.486;0.674
results\14.06.2024 18.16.31;4;xception;.\data\ds-moodle\train;.\data\ds-moodle\test;.\data\ds-moodle\validation;10;8;1919530115;xception_summary.txt;(None, 200, 200, 3);<keras.src.losses.losses.BinaryCrossentropy object at 0x0000019BCCFEB290>;0.855;0.453;0.842;0.616;0.653;0.547
results\14.06.2024 18.16.31;5;convnextxlarge;.\data\ds-moodle\train;.\data\ds-moodle\test;.\data\ds-moodle\validation;10;8;1919530115;convnextxlarge_summary.txt;(None, 200, 200, 3);<keras.src.losses.losses.BinaryCrossentropy object at 0x0000019BD77EE660>;0.71;0.595;0.837;0.584;0.653;0.607
results\14.06.2024 18.16.31;6;inceptionv3;.\data\ds-moodle\train;.\data\ds-moodle\test;.\data\ds-moodle\validation;10;8;1919530115;inceptionv3_summary.txt;(None, 200, 200, 3);<keras.src.losses.losses.BinaryCrossentropy object at 0x0000019C7BA87BF0>;0.805;0.465;0.777;0.58;0.639;0.61
results\17.06.2024 09.46.02;1;single_conv2d_with_aug;.\data\ds-moodle\train;.\data\ds-moodle\test;.\data\ds-moodle\validation;6;8;1919530115;single_conv2d_with_aug_summary.txt;(None, 200, 200, 3);binary_crossentropy;0.715;0.573;0.864;0.476;0.722;0.612
results\17.06.2024 09.46.02;2;single_conv2d_with_aug;.\data\ds-moodle\train;.\data\ds-moodle\test;.\data\ds-moodle\validation;6;16;1919530115;single_conv2d_with_aug_summary.txt;(None, 200, 200, 3);binary_crossentropy;0.52;2.212;0.799;0.505;0.5;0.692
results\17.06.2024 09.46.02;3;single_conv2d_with_aug;.\data\ds-moodle\train;.\data\ds-moodle\test;.\data\ds-moodle\validation;6;32;1919530115;single_conv2d_with_aug_summary.txt;(None, 200, 200, 3);binary_crossentropy;0.62;0.679;0.799;0.518;0.486;0.674
results\17.06.2024 09.46.02;4;xception;.\data\ds-moodle\train;.\data\ds-moodle\test;.\data\ds-moodle\validation;100;8;1919530115;xception_summary.txt;(None, 200, 200, 3);<keras.src.losses.losses.BinaryCrossentropy object at 0x000002D2BCE9ACC0>;0.97;0.171;0.842;0.616;0.667;0.575
results\17.06.2024 09.46.02;5;inceptionv3;.\data\ds-moodle\train;.\data\ds-moodle\test;.\data\ds-moodle\validation;100;8;1919530115;inceptionv3_summary.txt;(None, 200, 200, 3);<keras.src.losses.losses.BinaryCrossentropy object at 0x000002D2C6316960>;0.95;0.226;0.788;0.466;0.708;0.629
results\17.06.2024 10.01.38;1;single_conv2d_with_aug;.\data\ds-moodle\train;.\data\ds-moodle\test;.\data\ds-moodle\validation;6;8;1919530115;single_conv2d_with_aug_summary.txt;(None, 200, 200, 3);binary_crossentropy;0.715;0.573;0.864;0.476;0.722;0.612
results\17.06.2024 10.02.19;1;single_conv2d_with_aug;.\data\ds-moodle\train;.\data\ds-moodle\test;.\data\ds-moodle\validation;6;8;1919530115;single_conv2d_with_aug_summary.txt;(None, 200, 200, 3);binary_crossentropy;0.715;0.573;0.864;0.476;0.722;0.612
results\17.06.2024 10.02.19;2;single_conv2d_with_aug;.\data\ds-moodle\train;.\data\ds-moodle\test;.\data\ds-moodle\validation;100;16;1919530115;single_conv2d_with_aug_summary.txt;(None, 200, 200, 3);binary_crossentropy;0.905;0.341;0.908;0.298;0.819;0.472
results\17.06.2024 10.02.19;3;single_conv2d_with_aug;.\data\ds-moodle\train;.\data\ds-moodle\test;.\data\ds-moodle\validation;6;32;1919530115;single_conv2d_with_aug_summary.txt;(None, 200, 200, 3);binary_crossentropy;0.62;0.679;0.799;0.518;0.486;0.674
results\17.06.2024 10.02.19;4;xception;.\data\ds-moodle\train;.\data\ds-moodle\test;.\data\ds-moodle\validation;100;16;1919530115;xception_summary.txt;(None, 200, 200, 3);<keras.src.losses.losses.BinaryCrossentropy object at 0x000001952726B0B0>;0.98;0.194;0.886;0.562;0.694;0.518
results\17.06.2024 10.02.19;5;inceptionv3;.\data\ds-moodle\train;.\data\ds-moodle\test;.\data\ds-moodle\validation;100;16;1919530115;inceptionv3_summary.txt;(None, 200, 200, 3);<keras.src.losses.losses.BinaryCrossentropy object at 0x00000195306B64B0>;0.91;0.261;0.734;0.508;0.694;0.581
results\17.06.2024 10.20.21;1;single_conv2d_with_aug;.\data\ds-moodle\train;.\data\ds-moodle\test;.\data\ds-moodle\validation;6;8;1919530115;single_conv2d_with_aug_summary.txt;(None, 200, 200, 3);binary_crossentropy;0.715;0.573;0.864;0.476;0.722;0.612
results\17.06.2024 10.20.21;2;single_conv2d_with_aug;.\data\ds-moodle\train;.\data\ds-moodle\test;.\data\ds-moodle\validation;50;16;1919530115;single_conv2d_with_aug_summary.txt;(None, 200, 200, 3);binary_crossentropy;0.81;0.506;0.902;0.674;0.736;0.559
results\17.06.2024 10.20.21;3;single_conv2d_with_aug;.\data\ds-moodle\train;.\data\ds-moodle\test;.\data\ds-moodle\validation;6;32;1919530115;single_conv2d_with_aug_summary.txt;(None, 200, 200, 3);binary_crossentropy;0.62;0.679;0.799;0.518;0.486;0.674
results\17.06.2024 10.20.21;4;xception;.\data\ds-moodle\train;.\data\ds-moodle\test;.\data\ds-moodle\validation;50;16;1919530115;xception_summary.txt;(None, 200, 200, 3);<keras.src.losses.losses.BinaryCrossentropy object at 0x00000207EC2DAE70>;0.92;0.293;0.886;0.562;0.694;0.515
results\17.06.2024 10.20.21;5;inceptionv3;.\data\ds-moodle\train;.\data\ds-moodle\test;.\data\ds-moodle\validation;50;16;1919530115;inceptionv3_summary.txt;(None, 200, 200, 3);<keras.src.losses.losses.BinaryCrossentropy object at 0x00000207F5756660>;0.88;0.35;0.728;0.541;0.681;0.601
results\17.06.2024 11.40.45;1;single_conv2d_with_aug;.\data\ds-moodle\train;.\data\ds-moodle\test;.\data\ds-moodle\validation;200;8;1919530115;single_conv2d_with_aug_summary.txt;(None, 200, 200, 3);binary_crossentropy;0.965;0.118;0.94;0.276;0.819;1.074
results\17.06.2024 11.40.45;2;single_conv2d_with_aug;.\data\ds-moodle\train;.\data\ds-moodle\test;.\data\ds-moodle\validation;50;16;1919530115;single_conv2d_with_aug_summary.txt;(None, 200, 200, 3);binary_crossentropy;0.81;0.506;0.902;0.674;0.736;0.559
results\17.06.2024 11.40.45;3;single_conv2d_with_aug;.\data\ds-moodle\train;.\data\ds-moodle\test;.\data\ds-moodle\validation;200;32;1919530115;single_conv2d_with_aug_summary.txt;(None, 200, 200, 3);binary_crossentropy;0.985;0.101;0.918;0.189;0.667;0.772
results\17.06.2024 11.40.45;4;xception;.\data\ds-moodle\train;.\data\ds-moodle\test;.\data\ds-moodle\validation;50;32;1919530115;xception_summary.txt;(None, 200, 200, 3);<keras.src.losses.losses.BinaryCrossentropy object at 0x000001A8E344B020>;0.935;0.323;0.723;0.532;0.708;0.509
results\17.06.2024 11.40.45;5;inceptionv3;.\data\ds-moodle\train;.\data\ds-moodle\test;.\data\ds-moodle\validation;50;32;1919530115;inceptionv3_summary.txt;(None, 200, 200, 3);<keras.src.losses.losses.BinaryCrossentropy object at 0x000001A8EC8A6960>;0.875;0.343;0.652;0.612;0.708;0.559
results\17.06.2024 11.52.51;1;single_conv2d_with_aug;.\data\ds-moodle\train;.\data\ds-moodle\test;.\data\ds-moodle\validation;100;8;1919530115;single_conv2d_with_aug_summary.txt;(None, 200, 200, 3);binary_crossentropy;0.93;0.214;0.908;0.406;0.736;1.074
results\17.06.2024 11.52.51;2;single_conv2d_with_aug;.\data\ds-moodle\train;.\data\ds-moodle\test;.\data\ds-moodle\validation;50;16;1919530115;single_conv2d_with_aug_summary.txt;(None, 200, 200, 3);binary_crossentropy;0.81;0.506;0.902;0.674;0.736;0.559
results\17.06.2024 11.52.51;3;single_conv2d_with_aug;.\data\ds-moodle\train;.\data\ds-moodle\test;.\data\ds-moodle\validation;100;32;1919530115;single_conv2d_with_aug_summary.txt;(None, 200, 200, 3);binary_crossentropy;0.95;0.191;0.913;0.269;0.569;1.23
results\17.06.2024 11.52.51;4;xception;.\data\ds-moodle\train;.\data\ds-moodle\test;.\data\ds-moodle\validation;50;8;1919530115;xception_summary.txt;(None, 200, 200, 3);<keras.src.losses.losses.BinaryCrossentropy object at 0x0000024F45E8AD20>;0.95;0.249;0.842;0.616;0.722;0.514
results\17.06.2024 11.52.51;5;inceptionv3;.\data\ds-moodle\train;.\data\ds-moodle\test;.\data\ds-moodle\validation;50;8;1919530115;inceptionv3_summary.txt;(None, 200, 200, 3);<keras.src.losses.losses.BinaryCrossentropy object at 0x0000024F4F2E6990>;0.885;0.294;0.777;0.58;0.722;0.602
results\17.06.2024 12.02.49;1;single_conv2d_with_aug;.\data\ds-moodle\train;.\data\ds-moodle\test;.\data\ds-moodle\validation;50;8;1919530115;single_conv2d_with_aug_summary.txt;(None, 200, 200, 3);binary_crossentropy;0.89;0.274;0.897;0.417;0.694;0.898
results\17.06.2024 12.02.49;2;single_conv2d_with_aug;.\data\ds-moodle\train;.\data\ds-moodle\test;.\data\ds-moodle\validation;50;16;1919530115;single_conv2d_with_aug_summary.txt;(None, 200, 200, 3);binary_crossentropy;0.81;0.506;0.902;0.674;0.736;0.559
results\17.06.2024 12.02.49;3;single_conv2d_with_aug;.\data\ds-moodle\train;.\data\ds-moodle\test;.\data\ds-moodle\validation;100;32;1919530115;single_conv2d_with_aug_summary.txt;(None, 200, 200, 3);binary_crossentropy;0.95;0.191;0.913;0.269;0.569;1.23
results\17.06.2024 12.02.49;4;xception;.\data\ds-moodle\train;.\data\ds-moodle\test;.\data\ds-moodle\validation;500;8;1919530115;xception_summary.txt;(None, 200, 200, 3);<keras.src.losses.losses.BinaryCrossentropy object at 0x0000027856DBAF90>;0.995;0.069;0.842;0.616;0.736;0.523
results\17.06.2024 12.02.49;5;inceptionv3;.\data\ds-moodle\train;.\data\ds-moodle\test;.\data\ds-moodle\validation;500;8;1919530115;inceptionv3_summary.txt;(None, 200, 200, 3);<keras.src.losses.losses.BinaryCrossentropy object at 0x000002785FF56A20>;0.965;0.126;0.821;0.433;0.694;0.713
results\17.06.2024 13.00.12;1;single_conv2d_with_aug;.\data\ds-moodle\train;.\data\ds-moodle\test;.\data\ds-moodle\validation;6;8;1919530115;single_conv2d_with_aug_summary.txt;(None, 200, 200, 3);binary_crossentropy;0.715;0.573;0.864;0.476;0.722;0.612
results\17.06.2024 13.00.12;2;single_conv2d_with_aug;.\data\ds-moodle\train;.\data\ds-moodle\test;.\data\ds-moodle\validation;6;16;1919530115;single_conv2d_with_aug_summary.txt;(None, 200, 200, 3);binary_crossentropy;0.52;2.212;0.799;0.505;0.5;0.692
results\17.06.2024 13.00.12;3;single_conv2d_with_aug;.\data\ds-moodle\train;.\data\ds-moodle\test;.\data\ds-moodle\validation;6;32;1919530115;single_conv2d_with_aug_summary.txt;(None, 200, 200, 3);binary_crossentropy;0.62;0.679;0.799;0.518;0.486;0.674
results\17.06.2024 13.02.52;1;single_conv2d_with_aug;.\data\ds-moodle\train;.\data\ds-moodle\test;.\data\ds-moodle\validation;6;8;1919530115;single_conv2d_with_aug_summary.txt;(None, 200, 200, 3);binary_crossentropy;0.715;0.573;0.864;0.476;0.722;0.612
results\17.06.2024 13.02.52;2;single_conv2d_with_aug;.\data\ds-moodle\train;.\data\ds-moodle\test;.\data\ds-moodle\validation;6;16;1919530115;single_conv2d_with_aug_summary.txt;(None, 200, 200, 3);binary_crossentropy;0.52;2.212;0.799;0.505;0.5;0.692
results\17.06.2024 13.02.52;3;single_conv2d_with_aug;.\data\ds-moodle\train;.\data\ds-moodle\test;.\data\ds-moodle\validation;6;32;1919530115;single_conv2d_with_aug_summary.txt;(None, 200, 200, 3);binary_crossentropy;0.62;0.679;0.799;0.518;0.486;0.674
results\17.06.2024 13.02.52;4;alexnet;.\data\ds-moodle\train;.\data\ds-moodle\test;.\data\ds-moodle\validation;20;8;1919530115;alexnet_summary.txt;(None, 200, 200, 3);binary_crossentropy;0.605;0.664;0.799;0.576;0.5;0.705
results\17.06.2024 13.02.52;5;xception;.\data\ds-moodle\train;.\data\ds-moodle\test;.\data\ds-moodle\validation;20;8;1919530115;xception_summary.txt;(None, 200, 200, 3);<keras.src.losses.losses.BinaryCrossentropy object at 0x00000185105C2DB0>;0.895;0.369;0.842;0.616;0.681;0.526
results\17.06.2024 13.02.52;6;inceptionv3;.\data\ds-moodle\train;.\data\ds-moodle\test;.\data\ds-moodle\validation;20;8;1919530115;inceptionv3_summary.txt;(None, 200, 200, 3);<keras.src.losses.losses.BinaryCrossentropy object at 0x000001851409E3C0>;0.88;0.359;0.777;0.58;0.667;0.584
results\17.06.2024 13.09.46;1;single_conv2d_with_aug;.\data\ds-moodle\train;.\data\ds-moodle\test;.\data\ds-moodle\validation;6;8;1919530115;single_conv2d_with_aug_summary.txt;(None, 200, 200, 3);binary_crossentropy;0.715;0.573;0.864;0.476;0.722;0.612
results\17.06.2024 13.09.46;2;single_conv2d_with_aug;.\data\ds-moodle\train;.\data\ds-moodle\test;.\data\ds-moodle\validation;6;16;1919530115;single_conv2d_with_aug_summary.txt;(None, 200, 200, 3);binary_crossentropy;0.52;2.212;0.799;0.505;0.5;0.692
results\17.06.2024 13.09.46;3;single_conv2d_with_aug;.\data\ds-moodle\train;.\data\ds-moodle\test;.\data\ds-moodle\validation;6;32;1919530115;single_conv2d_with_aug_summary.txt;(None, 200, 200, 3);binary_crossentropy;0.62;0.679;0.799;0.518;0.486;0.674
results\17.06.2024 13.11.56;1;single_conv2d_with_aug;.\data\ds-moodle\train;.\data\ds-moodle\test;.\data\ds-moodle\validation;6;8;1919530115;single_conv2d_with_aug_summary.txt;(None, 200, 200, 3);binary_crossentropy;0.715;0.573;0.864;0.476;0.722;0.612
results\17.06.2024 13.11.56;2;single_conv2d_with_aug;.\data\ds-moodle\train;.\data\ds-moodle\test;.\data\ds-moodle\validation;6;16;1919530115;single_conv2d_with_aug_summary.txt;(None, 200, 200, 3);binary_crossentropy;0.52;2.212;0.799;0.505;0.5;0.692
results\17.06.2024 13.11.56;3;single_conv2d_with_aug;.\data\ds-moodle\train;.\data\ds-moodle\test;.\data\ds-moodle\validation;6;32;1919530115;single_conv2d_with_aug_summary.txt;(None, 200, 200, 3);binary_crossentropy;0.62;0.679;0.799;0.518;0.486;0.674
results\17.06.2024 13.11.56;4;alexnet;.\data\ds-moodle\train;.\data\ds-moodle\test;.\data\ds-moodle\validation;20;8;1919530115;alexnet_summary.txt;(None, 200, 200, 3);binary_crossentropy;0.5;0.722;0.799;0.578;0.5;0.696
results\17.06.2024 13.11.56;5;xception;.\data\ds-moodle\train;.\data\ds-moodle\test;.\data\ds-moodle\validation;20;8;1919530115;xception_summary.txt;(None, 200, 200, 3);<keras.src.losses.losses.BinaryCrossentropy object at 0x000001FB7A3068A0>;0.965;0.134;0.88;0.291;0.542;1.069
results\17.06.2024 13.11.56;6;inceptionv3;.\data\ds-moodle\train;.\data\ds-moodle\test;.\data\ds-moodle\validation;20;8;1919530115;inceptionv3_summary.txt;(None, 200, 200, 3);<keras.src.losses.losses.BinaryCrossentropy object at 0x000001FB7E57DD60>;0.87;0.467;0.837;0.465;0.667;0.963
results\17.06.2024 13.17.35;1;single_conv2d_with_aug;.\data\ds-moodle\train;.\data\ds-moodle\test;.\data\ds-moodle\validation;6;8;1919530115;single_conv2d_with_aug_summary.txt;(None, 200, 200, 3);binary_crossentropy;0.715;0.573;0.864;0.476;0.722;0.612
results\17.06.2024 13.17.35;2;single_conv2d_with_aug;.\data\ds-moodle\train;.\data\ds-moodle\test;.\data\ds-moodle\validation;6;16;1919530115;single_conv2d_with_aug_summary.txt;(None, 200, 200, 3);binary_crossentropy;0.52;2.212;0.799;0.505;0.5;0.692
results\17.06.2024 13.17.35;3;single_conv2d_with_aug;.\data\ds-moodle\train;.\data\ds-moodle\test;.\data\ds-moodle\validation;6;32;1919530115;single_conv2d_with_aug_summary.txt;(None, 200, 200, 3);binary_crossentropy;0.62;0.679;0.799;0.518;0.486;0.674
results\17.06.2024 13.17.35;4;alexnet;.\data\ds-moodle\train;.\data\ds-moodle\test;.\data\ds-moodle\validation;10;8;1919530115;alexnet_summary.txt;(None, 200, 200, 3);binary_crossentropy;0.5;0.722;0.799;0.578;0.5;0.703
results\17.06.2024 13.17.35;5;xception;.\data\ds-moodle\train;.\data\ds-moodle\test;.\data\ds-moodle\validation;10;8;1919530115;xception_summary.txt;(None, 200, 200, 3);<keras.src.losses.losses.BinaryCrossentropy object at 0x0000019AA93E6FF0>;0.94;0.207;0.88;0.291;0.792;0.455
results\17.06.2024 13.17.35;6;inceptionv3;.\data\ds-moodle\train;.\data\ds-moodle\test;.\data\ds-moodle\validation;10;8;1919530115;inceptionv3_summary.txt;(None, 200, 200, 3);<keras.src.losses.losses.BinaryCrossentropy object at 0x0000019AAD63A330>;0.82;0.602;0.837;0.465;0.653;0.828
results\17.06.2024 13.21.41;1;single_conv2d_with_aug;.\data\ds-moodle\train;.\data\ds-moodle\test;.\data\ds-moodle\validation;6;8;1919530115;single_conv2d_with_aug_summary.txt;(None, 200, 200, 3);binary_crossentropy;0.715;0.573;0.864;0.476;0.722;0.612
results\17.06.2024 13.21.41;2;single_conv2d_with_aug;.\data\ds-moodle\train;.\data\ds-moodle\test;.\data\ds-moodle\validation;6;16;1919530115;single_conv2d_with_aug_summary.txt;(None, 200, 200, 3);binary_crossentropy;0.52;2.212;0.799;0.505;0.5;0.692
results\17.06.2024 13.21.41;3;single_conv2d_with_aug;.\data\ds-moodle\train;.\data\ds-moodle\test;.\data\ds-moodle\validation;6;32;1919530115;single_conv2d_with_aug_summary.txt;(None, 200, 200, 3);binary_crossentropy;0.62;0.679;0.799;0.518;0.486;0.674
results\17.06.2024 13.32.54;1;single_conv2d_with_aug;.\data\ds-moodle\train;.\data\ds-moodle\test;.\data\ds-moodle\validation;6;8;1919530115;single_conv2d_with_aug_summary.txt;(None, 200, 200, 3);binary_crossentropy;0.715;0.573;0.864;0.476;0.722;0.612
results\17.06.2024 13.32.54;2;single_conv2d_with_aug;.\data\ds-moodle\train;.\data\ds-moodle\test;.\data\ds-moodle\validation;6;16;1919530115;single_conv2d_with_aug_summary.txt;(None, 200, 200, 3);binary_crossentropy;0.52;2.212;0.799;0.505;0.5;0.692
results\17.06.2024 13.32.54;3;single_conv2d_with_aug;.\data\ds-moodle\train;.\data\ds-moodle\test;.\data\ds-moodle\validation;6;32;1919530115;single_conv2d_with_aug_summary.txt;(None, 200, 200, 3);binary_crossentropy;0.62;0.679;0.799;0.518;0.486;0.674
results\17.06.2024 13.32.54;4;alexnet;.\data\ds-moodle\train;.\data\ds-moodle\test;.\data\ds-moodle\validation;10;8;1919530115;alexnet_summary.txt;(None, 200, 200, 3);binary_crossentropy;0.58;0.69;0.799;0.558;0.5;0.718
results\17.06.2024 13.32.54;5;xception;.\data\ds-moodle\train;.\data\ds-moodle\test;.\data\ds-moodle\validation;10;8;1919530115;xception_summary.txt;(None, 200, 200, 3);<keras.src.losses.losses.BinaryCrossentropy object at 0x000001423083E180>;0.665;0.647;0.489;0.691;0.625;0.635
results\17.06.2024 13.32.54;6;inceptionv3;.\data\ds-moodle\train;.\data\ds-moodle\test;.\data\ds-moodle\validation;10;8;1919530115;inceptionv3_summary.txt;(None, 200, 200, 3);<keras.src.losses.losses.BinaryCrossentropy object at 0x00000142838F5160>;0.65;0.643;0.783;0.602;0.681;0.65
results\17.06.2024 13.35.10;1;single_conv2d_with_aug;.\data\ds-moodle\train;.\data\ds-moodle\test;.\data\ds-moodle\validation;6;8;1919530115;single_conv2d_with_aug_summary.txt;(None, 200, 200, 3);binary_crossentropy;0.715;0.573;0.864;0.476;0.722;0.612
results\17.06.2024 13.35.10;2;single_conv2d_with_aug;.\data\ds-moodle\train;.\data\ds-moodle\test;.\data\ds-moodle\validation;6;16;1919530115;single_conv2d_with_aug_summary.txt;(None, 200, 200, 3);binary_crossentropy;0.52;2.212;0.799;0.505;0.5;0.692
results\17.06.2024 13.35.10;3;single_conv2d_with_aug;.\data\ds-moodle\train;.\data\ds-moodle\test;.\data\ds-moodle\validation;6;32;1919530115;single_conv2d_with_aug_summary.txt;(None, 200, 200, 3);binary_crossentropy;0.62;0.679;0.799;0.518;0.486;0.674
results\17.06.2024 13.35.10;4;alexnet;.\data\ds-moodle\train;.\data\ds-moodle\test;.\data\ds-moodle\validation;10;8;1919530115;alexnet_summary.txt;(None, 200, 200, 3);binary_crossentropy;0.58;0.69;0.799;0.558;0.5;0.718
results\17.06.2024 13.35.10;5;xception;.\data\ds-moodle\train;.\data\ds-moodle\test;.\data\ds-moodle\validation;100;8;1919530115;xception_summary.txt;(None, 200, 200, 3);<keras.src.losses.losses.BinaryCrossentropy object at 0x000001D663B62120>;0.885;0.418;0.625;0.628;0.694;0.539
results\17.06.2024 13.35.10;6;inceptionv3;.\data\ds-moodle\train;.\data\ds-moodle\test;.\data\ds-moodle\validation;100;8;1919530115;inceptionv3_summary.txt;(None, 200, 200, 3);<keras.src.losses.losses.BinaryCrossentropy object at 0x000001D6888C18B0>;0.84;0.413;0.783;0.602;0.694;0.576
results\17.06.2024 14.05.22;1;single_conv2d_with_aug;.\data\ds-moodle\train;.\data\ds-moodle\test;.\data\ds-moodle\validation;6;8;1919530115;single_conv2d_with_aug_summary.txt;(None, 200, 200, 3);binary_crossentropy;0.715;0.573;0.864;0.476;0.722;0.612
results\17.06.2024 14.05.22;2;single_conv2d_with_aug;.\data\ds-moodle\train;.\data\ds-moodle\test;.\data\ds-moodle\validation;6;16;1919530115;single_conv2d_with_aug_summary.txt;(None, 200, 200, 3);binary_crossentropy;0.52;2.212;0.799;0.505;0.5;0.692
results\17.06.2024 14.05.22;3;single_conv2d_with_aug;.\data\ds-moodle\train;.\data\ds-moodle\test;.\data\ds-moodle\validation;6;32;1919530115;single_conv2d_with_aug_summary.txt;(None, 200, 200, 3);binary_crossentropy;0.62;0.679;0.799;0.518;0.486;0.674
results\17.06.2024 14.05.22;4;alexnet;.\data\ds-moodle\train;.\data\ds-moodle\test;.\data\ds-moodle\validation;10;8;1919530115;alexnet_summary.txt;(None, 200, 200, 3);binary_crossentropy;0.58;0.69;0.799;0.558;0.5;0.718
results\17.06.2024 14.05.22;5;xception;.\data\ds-moodle\train;.\data\ds-moodle\test;.\data\ds-moodle\validation;500;8;1919530115;xception_summary.txt;(None, 200, 200, 3);<keras.src.losses.losses.BinaryCrossentropy object at 0x0000023507CF1F10>;0.96;0.235;0.717;0.573;0.667;0.55
results\17.06.2024 14.05.22;6;inceptionv3;.\data\ds-moodle\train;.\data\ds-moodle\test;.\data\ds-moodle\validation;500;8;1919530115;inceptionv3_summary.txt;(None, 200, 200, 3);<keras.src.losses.losses.BinaryCrossentropy object at 0x0000023588881250>;0.94;0.248;0.783;0.602;0.694;0.572
results\17.06.2024 14.59.30;1;single_conv2d_with_aug;.\data\ds-moodle\train;.\data\ds-moodle\test;.\data\ds-moodle\validation;6;8;1919530115;single_conv2d_with_aug_summary.txt;(None, 200, 200, 3);binary_crossentropy;0.715;0.573;0.864;0.476;0.722;0.612
results\17.06.2024 14.59.30;2;single_conv2d_with_aug;.\data\ds-moodle\train;.\data\ds-moodle\test;.\data\ds-moodle\validation;6;16;1919530115;single_conv2d_with_aug_summary.txt;(None, 200, 200, 3);binary_crossentropy;0.52;2.212;0.799;0.505;0.5;0.692
results\17.06.2024 14.59.30;3;single_conv2d_with_aug;.\data\ds-moodle\train;.\data\ds-moodle\test;.\data\ds-moodle\validation;6;32;1919530115;single_conv2d_with_aug_summary.txt;(None, 200, 200, 3);binary_crossentropy;0.62;0.679;0.799;0.518;0.486;0.674
results\17.06.2024 14.59.30;4;alexnet;.\data\ds-moodle\train;.\data\ds-moodle\test;.\data\ds-moodle\validation;10;8;1919530115;alexnet_summary.txt;(None, 200, 200, 3);binary_crossentropy;0.5;0.7;0.799;0.63;0.5;0.695
results\17.06.2024 14.59.30;5;xception;.\data\ds-moodle\train;.\data\ds-moodle\test;.\data\ds-moodle\validation;20;8;1919530115;xception_summary.txt;(None, 200, 200, 3);<keras.src.losses.losses.BinaryCrossentropy object at 0x00000209B1EC7320>;0.895;0.369;0.842;0.616;0.681;0.526
results\17.06.2024 14.59.30;6;inceptionv3;.\data\ds-moodle\train;.\data\ds-moodle\test;.\data\ds-moodle\validation;20;8;1919530115;inceptionv3_summary.txt;(None, 200, 200, 3);<keras.src.losses.losses.BinaryCrossentropy object at 0x00000209B6172840>;0.885;0.298;0.761;0.589;0.667;0.586
results\17.06.2024 15.28.32;1;single_conv2d_with_aug;.\data\ds-moodle\train;.\data\ds-moodle\test;.\data\ds-moodle\validation;6;8;3726787421;single_conv2d_with_aug_summary.txt;(None, 200, 200, 3);binary_crossentropy;0.575;0.686;0.821;0.521;0.5;0.692
results\17.06.2024 15.28.32;2;single_conv2d_with_aug;.\data\ds-moodle\train;.\data\ds-moodle\test;.\data\ds-moodle\validation;6;16;58885948;single_conv2d_with_aug_summary.txt;(None, 200, 200, 3);binary_crossentropy;0.55;1.02;0.799;1.045;0.5;1.171
results\17.06.2024 15.28.32;3;single_conv2d_with_aug;.\data\ds-moodle\train;.\data\ds-moodle\test;.\data\ds-moodle\validation;6;32;46696599;single_conv2d_with_aug_summary.txt;(None, 200, 200, 3);binary_crossentropy;0.585;0.676;0.815;0.539;0.542;0.65
results\17.06.2024 15.28.32;4;alexnet;.\data\ds-moodle\train;.\data\ds-moodle\test;.\data\ds-moodle\validation;10;8;2983389679;alexnet_summary.txt;(None, 200, 200, 3);binary_crossentropy;0.51;0.705;0.799;0.606;0.5;0.698
results\17.06.2024 15.28.32;5;xception;.\data\ds-moodle\train;.\data\ds-moodle\test;.\data\ds-moodle\validation;20;8;3696203173;xception_summary.txt;(None, 200, 200, 3);<keras.src.losses.losses.BinaryCrossentropy object at 0x000001AE64EAACC0>;0.88;0.429;0.821;0.562;0.597;0.587
results\17.06.2024 15.28.32;6;inceptionv3;.\data\ds-moodle\train;.\data\ds-moodle\test;.\data\ds-moodle\validation;20;8;1485315673;inceptionv3_summary.txt;(None, 200, 200, 3);<keras.src.losses.losses.BinaryCrossentropy object at 0x000001AE69072540>;0.89;0.359;0.815;0.498;0.694;0.575
results\17.06.2024 15.34.36;1;single_conv2d_with_aug;.\data\ds-moodle\train;.\data\ds-moodle\test;.\data\ds-moodle\validation;6;8;1934172473;single_conv2d_with_aug_summary.txt;(None, 200, 200, 3);binary_crossentropy;0.52;1.696;0.799;1.669;0.528;0.678
results\17.06.2024 15.34.36;2;single_conv2d_with_aug;.\data\ds-moodle\train;.\data\ds-moodle\test;.\data\ds-moodle\validation;6;16;3504504175;single_conv2d_with_aug_summary.txt;(None, 200, 200, 3);binary_crossentropy;0.755;0.547;0.81;0.582;0.5;2.326
results\17.06.2024 15.34.36;3;single_conv2d_with_aug;.\data\ds-moodle\train;.\data\ds-moodle\test;.\data\ds-moodle\validation;6;32;2795252376;single_conv2d_with_aug_summary.txt;(None, 200, 200, 3);binary_crossentropy;0.54;0.736;0.815;0.653;0.5;1.07
results\17.06.2024 15.34.36;4;alexnet;.\data\ds-moodle\train;.\data\ds-moodle\test;.\data\ds-moodle\validation;10;8;1794757121;alexnet_summary.txt;(None, 200, 200, 3);binary_crossentropy;0.5;0.704;0.799;0.614;0.5;0.697
results\17.06.2024 15.34.36;5;xception;.\data\ds-moodle\train;.\data\ds-moodle\test;.\data\ds-moodle\validation;20;8;2668804801;xception_summary.txt;(None, 200, 200, 3);<keras.src.losses.losses.BinaryCrossentropy object at 0x0000021275C45A30>;0.54;0.735;0.304;0.721;0.444;0.715
results\17.06.2024 15.34.36;6;inceptionv3;.\data\ds-moodle\train;.\data\ds-moodle\test;.\data\ds-moodle\validation;20;8;2068350652;inceptionv3_summary.txt;(None, 200, 200, 3);<keras.src.losses.losses.BinaryCrossentropy object at 0x0000021279EB4350>;0.64;0.663;0.332;0.793;0.444;0.743
results\17.06.2024 15.38.41;1;single_conv2d_with_aug;.\data\ds-moodle\train;.\data\ds-moodle\test;.\data\ds-moodle\validation;6;8;460184808;single_conv2d_with_aug_summary.txt;(None, 200, 200, 3);binary_crossentropy;0.615;0.663;0.864;0.631;0.583;0.677
results\17.06.2024 15.38.41;2;single_conv2d_with_aug;.\data\ds-moodle\train;.\data\ds-moodle\test;.\data\ds-moodle\validation;6;16;4117371765;single_conv2d_with_aug_summary.txt;(None, 200, 200, 3);binary_crossentropy;0.585;0.669;0.826;0.52;0.583;0.653
results\17.06.2024 15.38.41;3;single_conv2d_with_aug;.\data\ds-moodle\train;.\data\ds-moodle\test;.\data\ds-moodle\validation;6;32;1841577489;single_conv2d_with_aug_summary.txt;(None, 200, 200, 3);binary_crossentropy;0.585;0.629;0.81;0.611;0.458;1.448
results\17.06.2024 15.38.41;4;alexnet;.\data\ds-moodle\train;.\data\ds-moodle\test;.\data\ds-moodle\validation;1;8;2784685883;alexnet_summary.txt;(None, 200, 200, 3);binary_crossentropy;0.49;0.718;0.201;0.838;0.5;0.714
results\17.06.2024 15.38.41;5;xception;.\data\ds-moodle\train;.\data\ds-moodle\test;.\data\ds-moodle\validation;100;8;752711952;xception_summary.txt;(None, 200, 200, 3);<keras.src.losses.losses.BinaryCrossentropy object at 0x0000021D5B887320>;0.86;0.484;0.788;0.649;0.611;0.605
results\17.06.2024 15.38.41;6;inceptionv3;.\data\ds-moodle\train;.\data\ds-moodle\test;.\data\ds-moodle\validation;100;8;1336209622;inceptionv3_summary.txt;(None, 200, 200, 3);<keras.src.losses.losses.BinaryCrossentropy object at 0x0000021D60B22690>;0.855;0.428;0.712;0.616;0.722;0.574
results\17.06.2024 15.50.58;1;single_conv2d_with_aug;.\data\ds-moodle\train;.\data\ds-moodle\test;.\data\ds-moodle\validation;6;8;3514996700;single_conv2d_with_aug_summary.txt;(None, 200, 200, 3);binary_crossentropy;0.645;0.638;0.799;0.492;0.5;2.586
results\17.06.2024 15.50.58;2;single_conv2d_with_aug;.\data\ds-moodle\train;.\data\ds-moodle\test;.\data\ds-moodle\validation;6;16;451391625;single_conv2d_with_aug_summary.txt;(None, 200, 200, 3);binary_crossentropy;0.7;0.64;0.826;0.505;0.5;0.76
results\17.06.2024 15.50.58;3;single_conv2d_with_aug;.\data\ds-moodle\train;.\data\ds-moodle\test;.\data\ds-moodle\validation;6;32;1625132339;single_conv2d_with_aug_summary.txt;(None, 200, 200, 3);binary_crossentropy;0.57;1.743;0.799;0.481;0.514;0.888
results\17.06.2024 15.50.58;4;alexnet;.\data\ds-moodle\train;.\data\ds-moodle\test;.\data\ds-moodle\validation;1;8;825075063;alexnet_summary.txt;(None, 200, 200, 3);binary_crossentropy;0.5;0.726;0.201;0.953;0.5;0.75
results\17.06.2024 15.50.58;5;xception;.\data\ds-moodle\train;.\data\ds-moodle\test;.\data\ds-moodle\validation;60;8;293564165;xception_summary.txt;(None, 200, 200, 3);<keras.src.losses.losses.BinaryCrossentropy object at 0x0000026BFE8A7170>;0.825;0.56;0.81;0.621;0.597;0.622
results\17.06.2024 15.50.58;6;inceptionv3;.\data\ds-moodle\train;.\data\ds-moodle\test;.\data\ds-moodle\validation;60;8;3302548692;inceptionv3_summary.txt;(None, 200, 200, 3);<keras.src.losses.losses.BinaryCrossentropy object at 0x0000026B86F42840>;0.82;0.503;0.799;0.537;0.722;0.597
